fid,eth_address
15351,0xf4901a3de0415c4d5608708def4c8e5b8e41f45d
13874,0xdd8a40a15f0fe67d4ec52adf0ee24489e8d8a58a
267104,0xc143cf8515b87ea88d8db8a9892639b5046cf81c
3642,0x49fcf7fd8bced178a3c65d3341f61821eef76423
885645,0xf90d9375033d4ff284f88fc84ed97a416c6502df
722082,0x50bcc3ee761a811afc5c72567d3971c36069cba4
448502,0x8de4d6bc6c663d41e3df70dcf01454889ec9aeeb
333517,0xc608c73f78d1fbb43d5e80622d852c9a39e81f6b
347050,0x4adfdb2486ae23e6e94a90f13158841c9c57af13
307834,0x1f32fe950f9fbdca3cb9e3604a50b3dd8cf0b236
557,0x65299bd32d80be43404983747eb1c189918f74f4
234616,0xe51f0abdcadaeb97f409a2a7f2c1baff8b4fdfb6
421198,0xf5b2a52e9fc6a1433796a5a2982d2d1eca06b47a
8447,0xe211191eaaaec68fff0037864229afaa156071b1
12921,0x03bcaa09334df40713bac77bf98abafadce4d38a
482024,0x296d4cf5b7f65487ca25658f6108b5b41824f892
239,0x95ac2ac0f6b0930de572c11f72442516c2a94c55
285998,0x3b6f8f00f65e888d9c35d8e1eb8b8a0028dc74c1
15983,0x011c9a600fa4dcc460f9864e9c8b5498c2835e5a
472680,0xc34183ccaadc3b9566a16155c769e814ede01bb1
6373,0x4ec2789d470cdbdc56924547b17e16c3fdea6dfb
4407,0xd8e4ceefbfd3bc3bfc22451b9e548fcce2669902
440352,0xedab95b52c481738a91912d6f66837eaa3ad3743
12239,0x88b8e5606a99dce34753b2f4668e51fc05e62a28
864405,0xf543a771b23f4f54bee6ce9448b97937e67ee822
337090,0xdaca971ce8f68736bc37d35d0efd2aba3ae309bb
1356,0x8d5044d9ee7cec41eeebef12b749e62e2ab9f131
403020,0x2f05371f6b614ca142133c5ab4a8d6631a279fa7
323070,0xa99f9ae2a2414350bd1fffd26fa9f088991c5e4c
430484,0x0a3337b3c9a2afcb75749cd1103c90617d0dd1c5
516359,0xf6455398289eb4d8b11f18aac4f8f8ab59eacf4e
20270,0xc9d7c7ab00650a5f9603d860473490b8f210d5ff
379435,0x0e51e0981b2a8a8be594ee0882a654ca17b48ab4
522467,0x414e12d03bc31e4f7547e34855ac301ada00cd73
459385,0x1a0041a74350f8951a446824fbae503cc9b90d32
1105154,0x869dcbcb689cab802badc0740e774da3e88c10dd
13674,0xf7a2d71253701a7706972002c8718728e0e98b49
500861,0xeb35d3b4385b0a917bffd62daae2419789f59521
442770,0x9d5ae907701f641cca742257ec0a49aa1b9804a4
9933,0xbf4977f1295454cb46d95fe7d8e1d99e32d8aed1
445335,0x4ef197be685d5d2fe442f73b00c8315412b70264
431541,0xc491832f5392ebaacae2133f290829c9160468a5
193826,0xd03a1dbfbd89814d90436d5726f2bffc0c1fae8d
263574,0x57266c637b716808ab1484528bea42969d60b56c
1020,0x5baa44bb6b7bd79c89628696f1186bcaeb3453aa
409573,0x9d9e905dee7b32ade06765068a29461206a3882e
375831,0x796355630aacb83ea13b39cfdd4c1a850a101690
4905,0x9f8679c8f662fdf09654fe73bd3702edeed1b9f3
1606,0x0072a1268b25ca0dbb47134915808f7fafe36280
307705,0xd93072cb31909402a949a113c83e9eccff029c39
780900,0x723343ca5910887914f06323f414dadd128c4af8
340986,0xb3877f40048bad437be3a0a05ccaeae102337c71
5406,0xa7f49efdc904e8906817afbec3e2ae73e2a4e113
308220,0x0966a7d94f6b194685dd86ee42e4887b9453ea63
528707,0xd4c2ddda6fc8a7f78bd1e1027ee0f9d55984b992
269694,0x1caa3034c6c3377410b7f00c5b2fb33de8caf639
2210,0x10fc964ef70c8467cd8c53e9ed9347422adf96a8
309710,0xa036225142c4f464ac1c1e04ca663809b4cfc1bc
285604,0x3f356a894ff5f599e023864a6393d1e1c7d56c31
99,0x849151d7d0bf1f34b70d5cad5149d28cc2308bf1
349816,0x1722ada9e359915a1506d8661a2730ab92a3e291
5774,0x56f6b5c392774b7b62d6f62522a74b6af759e421
480793,0xf0f950dff685f166f2531fbcf97cebea000ef3b8
2802,0xceab0087c5fbc22fb19293bd0be5fa9b23789da9
190218,0xaa7ed91fc90b9d92b39fa16e1f2016cdb0497b4c
368013,0x1ac4515a926a5dcb805e9db81f5cef56151aee89
4294,0x1f5c1867c3be8ff2c824a322294a523e45e6937f
1108825,0x822c395bf49393cd6e5f0874fc2dc135d14e1eca
429994,0x31d7842b44b5af3ffa9a44fa3aa188afd4ea9365
354795,0x70a02ba51b4af58e659ee9b4a8edd3b831d0240c
1287,0xb2c42d93c1ec6c57b1713e03827369d59866e4b4
311933,0xd9ff7342aeb11ba4548670ff2f5255b90126958d
246221,0x1eeabef3054bee3904d206f1795d433615d24891
279606,0x27116a6874f83d48080a6bf49c0a815bba53e0db
439610,0xf5add02cab65df9401135ecaf568e91d2a12f24c
401491,0x5f957ea55911ca2241330bf68c17c60c15b79b27
4167,0x9353cc2583356ce6ea8f92e239d7c9eb8412acaf
395346,0x98ccb3e1612ffc63255cb003e32415574006bcc6
243300,0xa27f2b7517bf1b7ac741e116fe1db373d590205f
411475,0xf33e058d4fdc5577009fcea0dc25708277912c1b
261625,0x7650998819f2a406763c91a4e79f3a8914f07688
309715,0x3101f26285e83bde74c21f732233bf9bc9ecdd42
427204,0x7274379c663237b488f8ea7e7a35029183a30363
1075593,0x408badae4181acd5aa5d275e8bf010b1b33a15b2
18723,0xc2fef20f7e8d2dd0d27f56389c731bd2943aa43d
332316,0x4f5f92462b4dc33c350ec00a3e43cfd87c28fba7
528914,0xbd7f2898ddb39b90b513962f4ccba61238baa073
475488,0x056eb43118ffa352add9cdb9a7d2977a4842b936
416580,0x15c6a4bf9023ad20c51cbea9992a5bccf83f3e7b
321969,0xc2305f95d5858aa0112191ff086b6cea937efc62
245124,0xb3c812d2a9030801e00c961d0e54ddd987123c95
395131,0xb333a2c1a3a7b074e94bf8d0d5bf0021bf0d8f89
4268,0x21a6e51e32ca4d12704e5c380849e525478108d4
420930,0xefb5a1b85250b8cdee363c725b7f6ccfbda68f53
199989,0x66e007f39f48cffa0f59fd4d05aee1031093ed9f
421714,0x15430a7aea7faf8b86b3f7c2a740b4be882a14d3
330083,0xe2e6176c17f2fb434a1bbf3b98b4ff33ab3a7ffb
247143,0x33be45c761b50f44e966d901fa6d0528a74865e5
445796,0xd70c771f337a8493ba6fb6eec4ba9d08cf9a1d0c
483462,0x3ae5d538f2e3bba7949e9bfb46ff664a0e68fc06
245388,0x277b47000e1b88c929c1437713ebfefe1e966a71
261177,0x1bfff6fc3794cf7fa3319bc55430d4e83d608e57
193,0xbae45e042aeb115ade51205be721aacd3610c8ab
214447,0xe068579e46ca32a7ed3d51f217fcc5a0d829fca0
296687,0xd562820feb2bcea2aa06e53d758b33fd28f454e6
409644,0xf5e16c93f3b6e48daa1a08183d85f6034d77147c
261245,0xdfe230e7ea4b83758017655ec8b14a6a42e04952
249958,0xec2a264f7dd45f3b641c4ff44bb9397b66fc40fb
281676,0x341bec84e4fa95b3c00efb6f4b1036aa6b2ac787
306438,0x944fa0f3f2168d4b27110f7f97972ad9425c4f52
268455,0x774a375858f34573f482148cec198e280ee31bc1
459348,0xb44eceec299151800076b8c409344f0199d8e38b
535199,0x0add93d59b76dd06621c9194e7efe56c8023cdac
14364,0x56f7b249226310369b4d26f6ad4f598317e7b03f
11528,0x10676738db9601c5af144a17c3a48c8ebda7e353
292506,0x7a78786d74804effdd3b3b0d5dc05a63a7d8aacd
12938,0x30e5a4e6a52b2d6b891454a0fd04938732c55193
479174,0x6fc4ffe00a0f063ae322a955bda2e55be44cb05a
460666,0xcc9395a5c5d0a11c5e23d0b894b61d03196f6352
482872,0xddf9aedc737d396f6463c6af8460cfc87c246a8b
14607,0x15e0c4889c515dd2c3bf54e711cdce355eac4205
427349,0x644e09bea250a6edd577271b0be08d5fb29f716d
517280,0xb8f420f15eb8ad76c6a82cb0667d95c867c3c0c0
451344,0xddb3d84ccdae7515d8c9ab5466d9369b80d8396d
290139,0x3abec3b1907b4980a6dc7790ef576cb04e54d8e5
529895,0xb05ffdf34503e273bfb4b1a8f52449923625a51a
253127,0x38a0d87bdeac77ac859ac910a588cf80a05d854d
548932,0xa33ef65ebd787803501d3332812668ab8edd8415
15776,0xf0c4ebdeb0f3d5f8e2f45a2b8c4dab3c4939747c
5698,0x964456b75b36a091f5d1e32b548c833b0ed4e623
430120,0xf91e4200414bce8fd2a2d29b3e227c1c65c7b339
248111,0x23018edbfa176bde3dffd5037b206d147f3e3c9f
456627,0x42703f0da3e6100e759a77dae3423dc13fb7d2f6
441238,0xfcf9ca26f0e7410ea262a10843421a09b158989f
288204,0xa0be5a9b02b7b7290f89e4e2a01faf46ef00baf5
8004,0x6a48ade3be3f9f0b8b4c9af61bb654a219311699
475330,0x611f378ebd890ce53fd9fcb834e392e5a845514e
4027,0x2feb373f4f3ffc42c4b917188e1b50a3ffe8a487
377,0xa32ad653ddb29aafaf67ca906f7bcee145444746
412843,0x59f7926317b460ada675aba7a49cddcad664c23b
452094,0xcbe1e25b3c736e263c2e93cad4caf0bb0f359a76
446581,0xcda9b278e9e4163ff3a49135888fde386c0b17cc
9218,0xe4e6a3c2498750ae580288a5ab22fb49a33f7559
129,0x83d6202e0bc39b516d4b8b1770fbe3e4d7561baf
379581,0xad6f5815dfa40d64d02c46c4ccab917837cda050
7143,0x4caf576d86e238f5765e0b002186b8bae8fa6ea3
695163,0x27bc0a9bb42bbac38cae640312ec3d7a9028b809
324915,0xf603ef4bd6371d9f018df0a60bfe361c338553e1
277952,0x41a53bacdbf369377870d1377864e36176751e8d
263333,0x310f92fdb4e499cfa8146c86e0e1ad5ce9e36a4b
490852,0x76909fd5590c150199acb98383875bdb7cf6136b
564447,0x275ab0037e50bda1cda147e3ac9aeaefb3d21e85
16098,0xf2fe4dd9a86ecafe22424bfb6085036bca7835a8
606589,0x44dee43b6434add203f705a0849015331edc7d65
1050528,0x50d502b7301421fe89abeadfa492229d3e8d4812
431336,0x34a1fdc370c86fdc5054df540191320cd5ff9fd6
1089844,0xc54604b9e0a1449644ea0d978fa099291f09935f
822718,0x026609ac27d2d68ca8b0e50fbbdd7541c1ea98ce
499579,0x4c9101cac1dbd5fa5bc83b6f5e6b661f647b83b1
12756,0x3ac61447a75149ba67639100ecc92c76fb20941c
417063,0xf206baa0aaa674a323f058579ce128bb6f96edfb
617,0xc82a9d91089781636f790c674e8f44cf8f1f30fc
1100071,0xcba8fa049d7b02319f59e8644807faf9f7f002f0
473065,0x845c1a276ca266181dc20bbb7f113b546a4c1f10
218142,0xde65e985e2e2f76745b4fd8013cfa6d422a8b8aa
527771,0x71cbbe6ecf1a9c4d8b9115757ebcc5ff45902177
539,0x36622b024b86636ab95bd71a5a1b8dc17f9bd9e4
422910,0x2149860637e2272b1fd423ac8de86d8462dd4903
290249,0x08eb11e245c405b891e0c1dc10595b8399da95b9
511972,0x44d0009c504c185756cd404c015b48cd4d0513df
4282,0x53d529b0a809717ce1586bd6e397eace7e44f5ef
203751,0xeffdc3b00bd81cec05a5965846831333ef81c308
499783,0x545275e6098eb53b964a4787f14e49446568ad0b
977233,0x0db12c0a67bc5b8942ea3126a465d7a0b23126c7
517425,0xeb0ae1f94b3a28510f593d4e121308f7c0b6e6ea
15268,0x154fa6972f3c9eea2adb2e10b512440761e808e7
18763,0xb127a792c83a72e6d961df9e41a5e414e22d80ba
542254,0xaf638016e8f144f77ebd6a3dd28e5bd7ca804c42
13505,0x55500894b526771c20b317c969392401bc377592
859081,0x75d51c48dfb380960f4fb7bb2465f134c2890efc
246905,0x79479e4fc351f23df380bd3f686416f6592a74b0
428431,0xe0ddc6a8e0c6fb68ff9b0ca5efea0b1c039b8b61
390829,0xaf6925d3b8602a36910a42c111eae0ecf785bfc6
410577,0x9ecd4ceda75d840af1caba4203a0add61e94f63c
644583,0xd60ddcd7c7d3820a7653dfabdf456555c63e13dd
20384,0x668710e690dff771bae92a868649f3948525638a
4703,0x2d66512827458d7a989eaa1a7da2ebf1cb7d640d
4482,0xc4fdf12dc03424beb5c117b4b19726401a9dd1ab
1016509,0x8cfd06a1da92f885933cd3facc89394eb7e18e4d
6591,0x1cee629ceb06538874f30ead124c004cecbeb089
221578,0x5ae4f1b5086fb6524435c4631b483febec10149d
4877,0x87a49b2dd267f1d06e7465a6e1298ef0b4feb19b
336022,0x3c80786afdd12c81b6d6a876263a6159318aba09
214598,0x7a698336902a0f71ef7d0575ede9f0b904acbf5f
326040,0x113729dafc0889b38cdd8bf8306c43789986f2b8
1180,0xae8e5f30e60a55fc4d3b5edce95cf857bcb20d70
4567,0x5a4b655f79696e2eea0bb1d8ac2a6e0c69e8b82a
239748,0x5da441739614ea06af94b48afb9a7af906d4132d
422225,0x472480ee9e2426cb2172ae4877ec0b2a6d2b5c3b
4163,0xdf087b724174a3e4ed2338c0798193932e851f1b
196957,0xb26e0d754a8c590afe38248c9f13b820d1243d26
315267,0x4751224a5a39a4c10b04d2feea7923e8bb9beba8
644823,0xc42166e9e1ed7b053781be452eebbe86a13c8cdb
475326,0x6638b1884fabf36556d6383ac60323cd283fa8e2
5818,0xb1b21884afe6581f3c4997b0320465f18e9682c0
625770,0x3e0a37916e5180ba0cde4af797aa255a4156f0d7
289295,0x14a650a484dc851ac4dd329ed2629d846a8bcf2a
403517,0xec0a328c94101d7ed6790cb7b3476659aba78008
423406,0x477b7fcf2879fbeecb83781509a4ef73d9d84ed4
230238,0xa272bc9d6f462f4f08849adeaf6e49a5d4430c38
390336,0x2d5612335dc2f6ba25b37ff4917c4199cf8484fb
440747,0x57d84a0d8f9a47b18931ae7fcabd7211bbd31a06
320189,0xdb5afc1f48270d79cc8e5f1119715747b7ae58af
10174,0x52bd76703e654b70fc5ee1fca02ea2725f60117b
336323,0x87d9d7cdee9d2cb787dc3e4821058eed28eeb36d
988167,0x505dc6685bd1666a11ba664bc6788d56b19e3256
360623,0xb3d12724cefa2efd91a310f71bccbe9b6a0e5f9e
2982,0xde6eff062895c1669c4920f96206e57c8c11a6e5
1725,0xf35ff7426e2dbe06305e71eaee7e038e6dbac620
428527,0xe93d5a37636d55387d355d5c6258df1a026fdad6
403619,0xd9c0e850a086aa5febd40f2668c5d7e15d7d74a2
6622,0x4cc0fb78914b630c8c2da7089c6680e8ebebec1d
396484,0x6dde8381ed88fce301c85d16a2cce157f676be51
512079,0x42a873a9a20bee9f748c89150a03500d601f45f0
477126,0x65e3419e633833df1d602e7905cb9c7e541f0849
17355,0xe2350a05267a1164cdbfdc2e48f4a1ba6486532d
426167,0x59479108adfd232aa3f2af184639fa0e08f24dde
210631,0x68a91c52b0a711bbb21c500ce8e1a6c47e9fabe4
460847,0x6407da84980869225175434652c95c36ad863e6b
194372,0x858dd9df775a058a37a6c2694fc2f4922615b5fe
719715,0x63396c40c4d51921f983294df2c92ccca3584f30
277636,0xa09c2b4c50d70664ff1386cac6bc3696674f3605
9353,0xf09f19b7ee3f448c831ac286fd605959895d12b7
8481,0x2a6b39a5747b2a2a900975a7199abb3e537a68ed
304465,0xd6140241c2bacd44b235ad5d88d1293c828fa0d9
15549,0x308112d06027cd838627b94ddfc16ea6b4d90004
474644,0x74fed975e5f1cb637d9471d1c5e291c8a428ee57
2134,0xa7b17ba184dd5192ea4eb2c4514129d1912368b5
378176,0x157c45ca10a026d3937945296155bf79091d88b4
348611,0x92339459ccbfbce54137a56cc86ccfe63a776bfc
292927,0x7ae998f95fb3578e81874e2805129d888df86d30
283144,0x0feba44542914c0c314e3ef3928e85f780a956c4
364953,0x8316ecc6391415eabb92b920853692ad905b0408
375245,0x775eb0d9fcfd702aeb8fec41a9e9e690c92230fc
478670,0x48dab9113ea25042c8fb92b7942b4c8f9a0d5770
10215,0x14074a4dc440230523a9fb7a0ce6934a6118e7c6
988281,0x238091f435824b357fb6fd3f2be88e7a6287fed7
397392,0x4cbcd39a80593465fc8cd879fda3f097a41bb7f3
15850,0xa1d307b7522b7479aab82517dcb4dad43939907d
313283,0x87e60e69f58b74a3b5904de2f036f0dbab73ad81
16085,0x4dc5c0384f06b740750b623b26beb46cbd4c4e00
441956,0x4d8a26a3385d41fa1736801594e17a0af3c6f4fd
293726,0x2df00af3dab6797eb6529131200efacafb8d0273
368412,0xcb6eb98d0533dd42367cd064fc5b988814187527
466111,0xbb14db9f60e806846335f79481d998abc66efc20
372614,0x6871c192f10fc34207ca8f673a288f9984054429
4895,0xed73734ae97b0c9d6c4fd8e00196ad047014812f
288578,0x095ff8acd86e3c3f52bc4705540a0803ffbaeb37
269091,0x81d29f93a5a55936598411085ea9b171b7e025b4
14553,0x672857b7507d3b4a394b462d6b53a9dc361ef13d
905712,0x60c180801c2b4b2dcea88fced7c6aa5b71a45f24
1099555,0x3411caf97491708e33ff188c26bb27dad55548a0
381093,0xa2f21eb841b491a2df021e189270249630a9723e
203666,0xa159ddbd37a081c6af3e0e0f9ca4133478625dd4
434402,0x1bcb7557aaf175e183cb81b86c4e43e771643274
691362,0xf7b746290436fd276045a5dc2b53b7a5d4261d39
537780,0x49de79f4c05c9c2fa3f227604a83f4430f92af78
943967,0x20eb37360c8f761a224baa3aebc2f34b83e7d39b
535238,0x665f47deb367704cbf280a530a551c1c4a6731fd
409857,0x6851dc5e4af118f7821bb798df56866cd1491f43
217261,0x956fa79b6855a4660fcdce28cdf96c0042e6e2af
2745,0xa37809b129e7407b5d2595a8d545368924552f42
510796,0x6e9cbbc2de389e41db1fa7fed477bc1842fcf766
7910,0x8d4524b00b4a85e7ce7f408b59502ba2319308d5
456735,0xebebf69bc8ce2092e3b765583b1a94ac29728610
880,0xdb221863401c5174e51af0489f76caf7b32b5ea9
238370,0x1404ea25c5f45012239eccf1f00b7bd08c0657e7
426684,0x61283e1674adcffe78b9d3e296931338e11aaefd
1087734,0xe8835ffa96e22eda794977abd7267adff5354a01
236727,0x05bb130cd68f14fc708b9c078aae71434102f8a1
308410,0xb524146cc856e163c02ace465f715617e6c177b3
394930,0xc7d6f024bb7c97784caecc374b9f4a2d14d68f11
410023,0xb6d082e8d9feee1b7eaf2f044cbb8c0943fedb00
1689,0x34520adcaccb7d698a038831ec00bdd8bcd3942f
523720,0x351e4d52704d2caee674075ac72f4eb938eafaaf
627306,0xb22417dd80e361bf471e41045768ddf07f0ef43d
5142,0x66ab779a9802021fec2d5635c0503c9d63d5ed58
273708,0x3c515f7776f41ffc9df45a4bbd515c85e21aba62
685132,0x1525a9b7c1c6266ae7b8d6d95a44887dc3009714
309639,0xc65db6b61881b08b68c77c5ea7d58626cd991c9f
707904,0xa499ccf474840fbeab6eb58a23b487fe99de6d9e
300986,0x9adb41e0da07e0c87ff7462b19c09bb9e0e36114
3635,0x366a005c3bb78d92827b28f379462b1dda414fa1
5494,0x8a5827705d3c7a27864086e2d10f7e0f233e6b7a
309242,0x320ba8c30fa63804d087a309906bed43851c603f
270504,0x689ecdd6221d989863178fe2de6db94195a856c2
326677,0x7562caf360e89b7a2874c5f3eae4d7b382dbaa7a
1047223,0xc36237583872c3354433fd4a7d2ccd3387412b38
814451,0x0966de6c3351f6c6869c2dbad6f4a8f040c496d4
335897,0x99b95b1c8e19f9fbe737bc7e9a48401cad05a2e1
195117,0x517aed69de606b3cf120c8f50bc5c932c740fb2a
816839,0xb7e830a7765ce9cd8a19eadb1a4fafcd4ee5d775
791687,0x0d955488ae18762ce028b8c81dee01321791b527
12048,0xa26cac6a82d76936f7bff0b53d25fa26ff893706
17064,0xff07d9df3f68af0011b8955e4d5535962da85430
1105923,0xef0ccab0fad80e098d408c65c42513df4442b2aa
436728,0x209296518bffe5f06cb7131d85764d0339b21f1a
409,0x59850dba7e99c47a0b7cdadd0006f1a4509a1dcf
528,0x7e679553092e07e1f20f8d076289036826d97b78
15129,0x1611b8532f5976004dab91aa1d0a814542cd9452
324497,0xfac263ba808efe50cbc87dd93c040a70b9dd697f
320028,0xf0c9ce6a8806183466b5822a08f25d729d4e90eb
6023,0x6d0e659d0e7eafcb5c61b07c66618c47610d02e3
21024,0x1a0a2abdfe9b18cb81b894d70c08d410ba415c85
317501,0xdd4247922463b8db50a8ae53f3f6090e044fcbb9
899923,0x812e608fdb6df361d52d63c9220324105afea8b3
511842,0x835d482629c8cdb6e243e17b07cf02b1dcd34fde
375536,0xd28b1c370c0ef0ada950d834dec5424346aa6a6c
1050586,0xcbb7923583a544e72068fb351eb1eca06b515a04
1024903,0x388bd870ddd9f7bb5c10aa875c7aef200b9da764
472,0x3d0438cf16e6bf871d1f28e18b5bb175762f3f7c
18745,0x7b3e63576589abe5b467fce9b747fd6d64a1adcb
266490,0x1426b3369925c344866794a7e20825de095e6cfa
10081,0xf033ddf3b70afd4e9d3fe7147617e6a79110c3ef
498324,0x9f54d49cb7be8ddba902b86eb14be1ce7c6e5788
475410,0x3818fa3c751b6e2517c7a30c07b9e9aa04e25cce
274,0xebe9e50473a1dc5018e59923afba121cbdee89d0
211693,0x1d196d9a36ebcb486afa72e434a52702f933916b
456309,0xb290c6ea3937b528cbb8b49932cc11ec00b34f1f
430312,0xa17b24954e4d1498dd67ab701b4df79f09654078
18586,0x817102bdac8bbaf6a485c177b4e4c4c1e59de8ea
271878,0xc37724dcd1f7f73b77dce4382c46f24f25216b01
421661,0x5401595bca8129316dad83ab144e81c59541239b
323251,0xe765185a42d623a99864c790a88cd29825d8a4b9
10976,0x28bca06465cc62514f8e945af9cca3bb2b40ffba
198783,0x68933aad0492f5eb8715484d55ac2239c1f374fd
646397,0x5de65272846059efe0120f93e384bd5bcb738dcd
280,0xd3015cc7496ea1ec539b05347323b1afeeefdcf6
758919,0xcb9c834fdf0dc4e10887a3da5e16a13317fbb771
351897,0xf19d81bbfef338a4f8e8eafe1f1e5e0369c110a1
862173,0xdc5c126f2ecc2add64f9a3e36880710c88ddcecf
4085,0x936eb26f4a2a7ec0726f1a85f0dfdc0b68cce4cf
665738,0x1e530e0defcaa74245c5bc1abf34e362d6d48a31
393855,0xfa5ad150f1fd110dc468de1af9639498412c3423
1117113,0xceac422b0db8e2924824b5ca4741c464b9b7b6f4
599407,0x4500e809d028d7f302c13962b6b5240c7538fd33
12400,0xb196beded6cbef62911ce5cc36a7213f08ef8bc2
378422,0x2c2f4e41352b1506f282ca1c414a18546e92d2d4
562901,0xce1b36a9f533fd0a4806bbc8749c440c659b71a6
330471,0x67a610d45eddbd630feb7cdf86f91ed0f0842552
16353,0xf9eb1f3bb5603d249e63577811b2d244d32ce725
4461,0x1e4b751b66949b2c48c96a0a28982a2aaecd605b
535036,0x9d10ab6a24223b7e749292e99f88eaf100febc6d
883491,0xe2dba70a6e9897226af8a803ca4f8c4127b5ed93
900519,0xfa7f04469f2b1bfd97d0443fb98b3ad98522489c
1103525,0x34da767a377a77aca15f77ab4e8114cd79c0a7e9
246847,0x43ad776b821eb7b0d6087e062587cf38660dc955
1355,0x7ddb17bc47996b20a7939a74c4ee73876108fe3e
643204,0x7c9e1a7b7c95b4671bf15ad58b5a5b8ad2c240ad
3827,0x4f60d0ab5a2aff89caa768d60e41496af5c9d444
19711,0xfcca4bd5054287eb70602fad51051d93111a99a8
7464,0x766cff337c26bb10bd957ad82914571d9fd95109
238032,0x441a3e213b2b5bb696a222a90671a5556e19e85b
432341,0xf8e817ca7d93a3e42ab94fe99fc5c1baf98ba210
516505,0xff6a3ddf7b726f11f0b4e43d0b700fea8c81888c
4528,0x72450e4e29d75d625d89fda9b51864d708d2f38b
278572,0x71ea9ca8d1f44ec75e8bf4da868574f2ba17c1de
237973,0x317caa9df65c7ed4e0bdc47244ea8a318a89225a
296207,0x35d23c9d9cd54c03fdb0f4fd9654f52dcada21ab
1057806,0x65a052ad48d641576dd43e362c72aaffeff36aac
628100,0xc8115c770efaaf0de401898e4b86f3be36eb2f42
243818,0xe2fd6f0b8c0fc0999ac2a36f67c07e6fb1068926
424658,0x1ca03b804c5749d372c539d1d52e13c4d3673255
458767,0x8fb35232fa26bc942d478e8b30f97431038b8214
419741,0x72c0358ee2886608549a36caac6410b356b2590f
487730,0x5465ef839b0d796b58a4d93a83dab10094ae141e
847094,0x08d203bebff96424e2da86979aa3d9681b32837b
2211,0x8868ade444f7333b1543c71413c69c7ca6362a04
417299,0xbb92df09b4ecc2e1d37ab39bc0cd4a42955a656a
2112,0x6040cdbb6a1f636ae91f8268d7a6afd8676fcf6e
13089,0x4a90f5a9401158a70f5f307aa13ff0b0e62c7b51
4327,0xcaaa26c5498de67466e6823ef69718feb04c2952
3895,0x088ad00cfa0cc872c37beec9fc99d16ac77ace1e
421484,0x8ab25168e03c860cd4a58fb3a9336ac5dfc43a58
7237,0x49374cb015affb786fce28b24278c65e78478e77
4923,0x252de63173a1258537f86d9f128361065a2c3f12
19832,0x83179fdaa28fbb4ad86b02e59eb3c7b0cf51e004
833785,0xe23b079ceab94c5cb5e929fbb6f04fd879808c27
12822,0xb945f0657e945f74e4b7fdb601baac1a9cc2936c
1142406,0x69858fe84fdc010a18b5da51d7fb8b32c113ff51
238425,0xf5179fcf14f5c233689b0b4e9b7b03785ecba5a5
277296,0xd0650c2de91ee77dd43b033c1dfdf04a5b21a98d
512534,0xf8eac1cb7deaab2cfc7c7d085168582cdd6470d4
194,0x11d5d3f2feccb882947bf8ff6599beb823986e75
13536,0xe0e5833051ed6d4fe600d492b96d3af57e7d6f68
456555,0xe134464e1b1bbb9f50abcd4f5aa716ed24841d3a
13833,0x0a8fba0971e8c004b34994de54fe0fb3829e8080
3305,0x88a62fc3a766154d1205b965f0404200879e3d71
14369,0xfa3ce274f05bb01b8dc85a9dff96cae8c5c869e6
15821,0x488baf2c2480464ec1c44aad37cfbffeb262b9ef
234692,0x42b6b0d25d502f07ee655ec5b90fe7f3555641cf
562300,0x5bc798157563db990ceecd33e8b7c9f4e87923e0
1574,0xc1b4046efddca20b654f3c42c94c212158ecf67f
506169,0x303ef0be9e2b2f8f9f6ef83d23241dad14685c33
507986,0x414d02a8e183037a6d66aa3b72b34fe4a3621247
268608,0x79db69724610cfd36e272eeb415207cac31ae7c3
650888,0xd83279f8b11d785a9803066af8b5f4d05ac554f1
212581,0xc0401272c353200da1c6eef2d100a108fda06025
360600,0xd4c84001e57967c9e1a7e0617cbf1421441695d1
428341,0xb6754e53ce15df43269f59f21c9c235f1f673d67
380287,0x2b96509acc834a0869491cbae78f56e38ddbf65d
13796,0xef32e52deb6ebecdacfc8a878a850f21dfb54b42
734607,0xb9e683493774f3450b0277b8c429b4c98b438398
256931,0x271f6cf455755d0f4e7930df74a05d7b483cab27
293062,0x1e3e17cb5113c82c46c7c42d19b5a36738127e5d
506378,0xb035bcab50c8df2c7a888de4e521ec85dc39849f
371981,0x705eea29c28dc933ec3a05c018dd98ef64699640
378285,0xe0d391b94e63a1646d8517412a7e3faaab07e65e
392057,0xa278b3943c7c58eb0d26be397507285adf6490ed
562925,0xa9dbf13ba9e387a39b3a4987cd2321631f03bae6
325644,0x20fd3753c71bf36e12526e24c0e1444549ac2266
738574,0xdb2979fdf689571dd1627a633d69716d39d919dc
238564,0xb8fbdf726b15580b340500ab36fbeb7ee622fa83
955273,0x5f2b221c2b7a62a0597353f2978409580976ddee
718134,0x00d6d1bda9ca0cd4a04ee1fb3563a3525f1dff23
294300,0x8c3e9573ff9795f8ce0992ec93abaf4445419b0e
482149,0x3480be9e4d9e2646af8cdea75e666b58797be7ca
245958,0xd5a238ae1010cf37ef20d658d70f0d49779c6440
308588,0x0ae9c9295d1c2e6d4f994fcb289c8d5671c0cb73
473,0xafc29b78320e686820044159e4202700612a1332
280736,0x0857b86e92fe04b0ce399290e2d7f8a9c023c1a6
388423,0x7dcff286f8e45b9a5c31bb990c0007d4ee5f7ec0
350698,0x8c4fd873f04a366c5be844ae9a4ade94d8de2160
228795,0x47e39a473972f306207d29a5334995fa6e7b8d04
551112,0xba9fe5f929aa9f3e3c0a8493920cc62c4b1d691e
20919,0x7a3d05c70581bd345fe117c06e45f9669205384f
518127,0x42547db8fe71ae6eed0312fb97578104443ff51d
5431,0x7b8a343381a5259e3ea54bc35d694449bbc3418d
1110524,0x07ed950ab4dee9a79d824202e62fd1e59fed62c4
513276,0x6b22865fb9073349a83f3bb4a2c4740a788504dc
462989,0x2c90ec01bf5f594a05b897177f9b815aee97b588
712192,0x5bf47f8100edd665c020d2e797205dd89238df32
386000,0x7604b29a74a55e670b2967af425b9781ff548b62
212233,0x12f841ca5f9ff14c4c2bdc85800d70f79f50a001
6596,0x777a48f3210709805a9fa457f7c86061e1334f89
8942,0x442c463eb4778c1a576d5b80927b429756723014
296315,0xdfc32ebc2269a37b9bb30caa8f4659223fc99773
14511,0x2ec70b9d368556746d0d69b773379b28e328396c
1237,0xed783d4748bffadc7b7eb1aebf18758deeb2a9cb
897299,0xa3077e7e1f9900bd6751536162828eaeaad7c0e4
7212,0x6b5f4ebc6c853206e2e6c319b9b7c2f5f64e6831
472455,0x0c8553937dd4d588d3837cd43d225dace72e614a
533,0x8f655ca3ad2629dd38de8cafa7c20d748a4ec2c2
4823,0x7e1823f83d44cd0c570b45d54d2daffc85c0ab5d
487333,0x50bde2160dcc13fdf34eb1f83d780e21e2427393
3652,0x1a6efe61811c3887c07cdf952e8c51372628a9be
1107135,0x60717743b212d6b00d2c12bc5b868afca5be149c
4077,0xebe00c9c716a936c6218a5b0ebd54da1873f509b
297066,0x172a77d409c0aa422ee88514181765372c1eb8f1
204221,0x65da35f5245909aa25c827de790b6090b24dd044
388401,0x3230042132ce4a797211f42ebf2d8607caa4986a
360439,0x9202b5a568959a1a65ce416ec566580a18474f03
210628,0x8e2edfdc989da975ff0f48356c5e39a0dc250b11
367639,0x08be5fb0bf57e08977cef8de47a5f1e76df964e1
844615,0x16f6e2783269eae186f81694cabc4dc518343396
344511,0xda50123a95639aa4a4952a57a2a9aded5c1a1f73
310531,0x5df895914305eea293e8eea65313b43e85aa5cad
476033,0xd33a13e48484177524e8cd7aa8ffc5bf5035f340
310124,0x7d30ad2d85a82c5f1bdd9c7951e605e07f4c7637
13893,0xaffc9f6684899efb628d90323adf4d838d2ea740
291686,0x9d5471cfcbadd4700f5287125169dfcf6091068b
875885,0x7501d85db5296adf0d0910fb75ec4ffa2160c16e
9318,0x036cd064d068eb1d99e07d79848c7a4aab94bd49
406881,0x06452f7f7abe17adc48a8708ac5a9e841bcebc10
2494,0x44fa7ee5cfaceab384c4f6f5b621c5060cdc7b14
1045847,0x0aa1ca1e4af7e08c06acd1592360d3aed676fba1
563124,0x48c2322d13c3a578aefd4007931b5de3bce38553
616,0x8342a48694a74044116f330db5050a267b28dd85
416672,0xc77da8cb158ba77bac765625745a766af3111a69
419545,0xe97fe00a59a4f5320e79e60f99542e8637a39144
12990,0x9662985173dd58687488c03eacc2b5b8691775ad
18570,0xad3d6f4934faa8e317de00b6f88a54aecc17b2e3
1024728,0xeae1f33486480d614f558a27c5681b47579f78a0
344667,0xa83f44861c80fcf21023ea0ef1f83ab06f33196c
292642,0x2201a545a6862f7a41d8bf90a30c7de6a9624a27
192300,0x13f670991d138758c9fb8aecc9852d0bfe2dfaed
1015455,0x90e1d45b69daa6dc4269a811bc66dd1aa0b8b81d
8,0x10783602f0754c4ba3d5ff5da515e9dd2ce6ef5c
1104700,0xd4f2dd0ce9042e4c7e146e773f9b48b9144969eb
1078524,0x201c8dfdf70d579106b5e9e387774dd2133c103f
365209,0x58ebbdb72cd8bcc07dc5f11ef91f8f67b4e9d054
15211,0x9aa0f215076c1404a92a5b7219512f4c57d7029b
347833,0x287ad2a3a8b40d443423faf7734c838ece844b1c
490038,0x5c04c62799efa5b598dfa20ffbcfdef21092e049
318908,0x5a7eb969044e1513e8737c33f4e34f8690cf9a3e
15732,0x0aadd2e08f1bf4be8b82ca6e402b7b76b3db76e9
1131909,0x40dd203e6f8c115d8946a02b3d60976c9690bcb8
452229,0x30643b3743cad39bb9ebabc61a206a4e0363edae
15949,0x54fc23df755517fafd8b69fed227de3971235c52
251596,0xb4b09b0bc959c4d9d03396273241e69f0593dc5e
784003,0x0ee8ef9498039ad73a270d801e312461c2c5d056
7418,0x8f791f061d7f36dc07de081ad88f87d71be1585e
409409,0xc3675c60aacb416f3ed69ae3a22bcc61e9510346
11004,0xa0edab4c1a7f3ad4ec38c1ad994baed97b3c64bc
308045,0xe5c1255f09d478507cd015bfd24c75f610f089cf
196041,0xa0b223a5f9b732d89d429e747314e9acfea18aa3
1024904,0x4c2b68de990bfc241f3108da45d4ccbdd32c4f2e
355566,0x038c3188241aa2cbfaeda05c029b63bc0eceb208
7732,0x3e7b00da9c3df1db2ac18f5d9f675cfc0376473d
299030,0x1be88f573108195ec2018777d37541a3dc069998
861754,0x9088112904696650afbd42e47b1a4ad964729615
350911,0x09b55b6c70e3ff2ff79358d81f5dafe5e5fbebbc
214570,0x4d40dcbe5bc4ff6ad3c3425737291c7016a3e886
312016,0x0a94dad510eddc67df0553fcf99a32d55b9e3fbf
1104870,0x1d09ab148286674173d4f8f27bd4a2c6adc3417a
283441,0xdc495b3d01bf15b33183124e852c1bfffa36056d
243719,0xe4689e5a87d4016010fe09108dcfc0cd224494f6
11512,0xf28f54252fc34835bfe2da58371a502847ac46ee
434553,0xe4012f3425b7acfdcfd876c0849d654c1a1769af
191042,0xd538c0cda944b1450fa1e353b6a464c190a466fe
310953,0xc47122c60a9b0038bd60af8d6b6e6f6476073c21
2441,0x7f159ccef233efcd6a7a82c061fc86ec4f9e55d3
3449,0x82fe8c393d063cb23631dbc8216d4adf941adc9e
421163,0xa080b88d02ed2e49f1d2faac5015047645be3d83
419719,0x6b11320a5ee36ea98430b4fde374a92fd7e1b8d4
510831,0xfb1bbff3747b6090fce6c171ef9bfc2298ad3bd6
9677,0x1a2e975f9f043e37150bc244e698cfcaf28113ca
634910,0xf123efc6adf0b708036b430841e7243d4dd73736
449301,0xbbd831397561f1d5b42bdcafd69ba5ac8c4a93f6
15838,0x2f3c4e81da72a855ee379214c7e954730be588e3
449882,0x07b9fcf0306b1d4f90effb523c127ac90eb7a494
449793,0x474818b4918f92c1beeb09b44285e9f37d72f435
373025,0x13195649fe84f3a950f2697daf5b94ca8b71e2d7
1024901,0x7bfffd9cca6c838dfedb710c201c5cb796be930a
18506,0xab484091013e91298558b70a236c198f32e8b305
193158,0x133868a0c6ab3a06702a3dc8c3332fca6c7e3e1d
1024900,0x53846414c6ec2d611d7d845669bade469a92157e
617282,0x760ea199a3c14b74fb1a68cd72e5e5f4ac57f182
431880,0x6a666fc95b2904b61c182982c41c9dfb78bc7adc
339009,0x3df3face6213f88def7f24356e8d49360adce51c
415225,0x15b37cbc1b7a80feff4f64ff6b78e6801a715863
15224,0x80c465b7a556cd2cca97f467b4bccd8ec535ddd9
326271,0xa4ec1315f1032b0dd3c5043d3d145f93ec4d009f
17714,0xc934ce64152e2a846a977d51060356a9e5ddd351
1112072,0x7a1d72aa91aafa8fbc9f4ab8bd1773a76dde1719
13495,0x65f46cad23f3248c29b638fe33657301f2f7fb75
1086463,0x658eb22921a7989ac988aa556afaa7a72fa563f8
302556,0x52e3760cab4ca7ab7399ab61ccb07bea5a1196aa
333799,0x13b378e695625abffb1e32d978113786ba0737f6
861560,0x0bcc9daf2214f2733a2797a8fa205b1c6a1380e0
336594,0x99e5c5f3c0f72360051ded96c6fc6cf786399d31
319999,0xf5208d0e44e1b84a4f310aeb3a9f41c6d001dafd
443909,0xbe2d2af296985b8dea1b8f165b613991821b18c8
328068,0x9d2404d890f7447fbc473fae9f8c307b8b990868
597941,0xbc1ebd263aa4ac1fdf834632135d74cea149ecf6
234327,0x1ed07d2ed9011ff46eca31f4288768092008c65b
780914,0xa011b705efac1fa71304474cd5066fa8db5e27b5
369904,0x7f928751b5abcaed3beb47d29b88d4afe6aaa3eb
14515,0x67d3389fb41802dcf9f5f8f867c317507790e5eb
455965,0xa0568f0d1b79e8dc9860b3ed763a96dc6152de25
271142,0xa06a76b93f6b60acbc0e107e2a6c80af717f571a
426045,0xdc509bcf433e35261ad1db903ab699a65c4c33c5
326487,0xb84493aaa78e0205efb49b063228a0dbf190adf8
825114,0xd6ec9f6485b0ad2aaa77ee2f308bb3faac7f11f1
11599,0x5ce8f76c9896e9a9b216f068a09cf211a7983966
901499,0x4e43b9b1b3548685c39100fca9d57ec7d931942e
2904,0x26a8593ddfa481e8ed4121cde60248e411e18572
890505,0xdf516bdd139baa6427bc9a110bc550c36ba6231a
13201,0x039de7ace9182dd48b320d9f7b4efa12a818fdb7
1216494,0x42816958de24e27dafdb1b63c8ba87798ccb0994
265506,0x4a22f462f574aef6323ea68d2346c4b690d2cbd7
526283,0xa67ea451ef0e91d29a09d14fda044d9270865665
12778,0xe0124637e1887ed32f93400d8e15ff9f105e6861
532256,0xb43965361e012621eb4ed1fdb3f60189dcb7edb4
301815,0x3c7bb2534352da4ffeffb510db2b679e6eda7d28
16697,0xee721836b4bc4ba0440e19c08842594ee965719e
234568,0x177defdca55b524c3c841bd713cabcf8809109e5
1117860,0x53e02750ede0598a8eb0b0c7b81740a254cfc75c
66,0x7532f04010419aee9513cb918bb3320dfb3d7809
190000,0xc75446a6adaef73269dbdece73536977b2b639e0
5049,0xa566126b77891c751d88f20cca780ad9b8bb54a7
522165,0x520180b366ec4e23c6a2bca394ad53fa220677c2
1045467,0x542177e2b423d42c2e987e643c221912eba53e6d
8405,0x1b252250aa246387bcdfce00cd6f0c862001803a
240586,0x6735bd97d6002d9b2989c653304216c3b810a02b
1094600,0xa0887e35363b883b5bde9d59543a772c66b8b695
373904,0x6c21f4de5d6e83569316873297a62a0f2c495323
15117,0x25662dc7bd4ff9d004b76230f73d7a1ff4731883
301340,0xb616f053537912178d92ff88eb511ba89353a3df
1050560,0x1cd055eb9e6802bbe6d8f60701a13446e18beb6d
892889,0xe4049e36b348c6dca1f2f81ec5a13c098124851b
520157,0xd43b155aea1770d3d2f1e0d6c55174726395b35d
323063,0x5319338e8edc26b90d3eb9beac5582f429300365
308536,0xcc33c9ef5633ccd602becdf27a5e7c88b9a8a13d
225,0x0d727aaa187fff3dfb4262164d01f294f9652d82
249647,0x346da3233271e9a80981278443324be5dfc55955
266153,0x5f41eb473d813f6e609d669eecff5a5f8b951939
11213,0x51da285305f5e87cbc4c20983fbef12a13e333b9
417832,0x52bfd3eefc5e1aa0fa8f187428894ba4d1474c50
248093,0xb9c5e095d066430fd6480a22f452e973f6339f2f
503610,0xf90bd8dfdabcd26cc71b835f2d46491322db5a2e
1105990,0x7a8f2e600fef2a088f8934694304fdf173544dd4
307715,0xae98b5fc7bfaefa0f0700c639324833a23d40301
639226,0x969b803e0af3cda144928975184085c5920fdbec
318447,0x7c527d956f47920fec38dfc5834fe31b5a72db12
528802,0x26875ec1f9ff5986db5efb5e2d20cacc2c8e1965
1075331,0xc7053a7b676f36cda1620c12fbd4d8887639ef46
7479,0x355efbcbcdb96ab72b91cfca2114cd43f93e90ed
3237,0xde8a2196cfdf8f86aea234221120519ec51002ad
350139,0x2e5e9c6358c201c4546b971c2b41882585e270df
802728,0xcc7988e18d306caa935b55be4c51c207d1b3cf71
875556,0x2c034310182992e45fb083c788c76d2370956caf
338870,0xf42f9b5df3d7cca91ae42932ec898559d8c9e887
420493,0x137e49604449578960377ab34d2e37028bc927ab
372581,0x51fc0202f1de0e03789f4011a9ab745b6612307a
430258,0xfae43200b92ef701e3fb119e0f1dcc6498c469b4
487070,0x0b001c532a98b637f5b66c55f02fc9c6645e54ca
507578,0x099d77db9368241f2172209b8a0ed94c30a23a2d
1158447,0xcddff021748df7d2e36034ff6683caf575c54b80
14885,0x27f85e7b1858616eeb6ea8592f36bcb6d03a3164
315676,0x37bde6f312ca0d680a07696b9fde860928203495
547241,0x72daf94552cea7c73fb6880fef9633a4ed1b8cb9
469659,0xe38459039430337d1ac6f211c3a717eacc635f0e
455048,0xcf5672e1dd8590d316bea245478614ec4c5ae00f
838,0x6a0ba3707df9d13a4445cd7e04274b2725930cd7
417851,0x98f047fce42c8689f6ea231e24fe2d394cce7958
268438,0x6100b29a235ebb272f4b10c1964ad9692ee67e13
1631,0x67df0aa949437cfc9ff2c5cfc0668be596390ba2
189896,0x048a74506f9cdd3b241fc2ef3d2208d417aff81c
344019,0x4c329de465b7bb6010d55aa05daa06232dc94a18
601461,0x08890d46d8dfe15f78718d30e49974c053f9ab4f
391793,0x47e80561f8d0610f521baafaa722f15bdf2cd73c
16148,0x76c26d84b7f49da661f2902ad26935007334986b
311845,0x11415669286d998fd85a2a6146c41f6be41a794d
509654,0x497e28a6850f5629bd45ac57fb52994901c55e7f
7715,0x599e2446ae259371635bc058a7e17c099cea81a4
394023,0xbcaa503d49e429e22b3c5ebd53dbf31259db6e15
847239,0x9f9d17d5f5f0125655dcbe68f28606633d0345a6
368345,0xfc534aea4a36cbad8f10f632bdeba003d80f69c2
612972,0x3dabd934ae5213ca1e274b478f9dd9c3681ff03c
2433,0x4ccbf9664dcca14c6e6659ed6752c6b18f85cd90
408979,0xcaf485690f38da17feb4f99f7e4164fa41f94e01
7637,0xfedb348555d443298da23c1545e8392ce1eaf07e
979652,0x3dd98840158f36aadb83cf12257e390e4486ee35
1050449,0x95f9656cbf205ed740aca74528de4b598b355d78
12480,0x355423cb2017156f74223cc414251a58007b6136
389808,0xa30c6afd28d9e87bfd6ef67fab508893a4ecdc59
545384,0x2a60869eba82df3717e62b5a3e5352a8a237f7fb
879829,0x1e6f7690a1fae24edcad8fed8ab8d2971f0c0ab4
514221,0x599cbb670cbd8efe8ceeb78e804362022dc1e158
214825,0xc1b442d72b4a082f358c68f3722fa8b98e29e016
638859,0x5c249155d63295a8f6c0a2f2670e0570c259c3ea
449014,0xea442b4fb44559c95758bb7ab9da72819d127e3f
8627,0xf6fcf786820e4ee9f4e229fcf4faf6eb169b86ca
342855,0x81dd3926bc6386991451582ca67439d2f1803019
14260,0xd92015f1a48380984044086d33f66739e8be017c
288425,0x6e6dbd1edff7e01071f7e91b795e7e2c0e00d6b7
16617,0x5356af50de19463b72250d9bd50a275f09099a06
427102,0x5ecf4468b532b3fda30ade77aaf09a418cec4cac
452487,0x2827c82f83d2536e09b914c6ae1b0484a83344c9
509756,0x9da089e5580f007bdd70a6cc4f6a022644bce7b7
320215,0x02137402f8d6b421721b164dee5a823cc7e2a100
397971,0x47ee65077939f379e377f92e98889143bb263b9c
305843,0xcde825ac993f84587de77a8757d2844aeb72e08c
1097142,0x2153d0576cb4a13a88f0d6550cca51d5bb993430
3017,0xef24e64cc9c447c45aff2d574f478e92cd745827
1017146,0xd67a54a30e4e4c1d156a796f28d817b043329ee2
335383,0x7251867bd19080ef53ffedbb912a911951c23c28
1038572,0x75c0f868ef0812d85ccd370f254ad820b24277c3
631404,0x8ebe7258167ee2f774c6e99cad05f98d1e419bec
12256,0x32bb6859d32b3a9fe434d00bc4c340e3f3a626f0
1090005,0x39e2d902294d2ad0c641be46f8adbf31dbce2294
444797,0x934c7be5bb984d6a14bdc117bb3648469a57d74d
5787,0xf8137aaad1ac04e93f327c04592506a4d4d5cbe8
5650,0x96b6bb2bd2eba3b4fbefd7dbac448ad7b6cbf279
303,0xde282817411d2f3788c858843429d26ba8ee14d4
882335,0x65a1f35d73343bd3266afe52329a2a98a274d058
301385,0xe868b77db5b8202f844d2243aa8fd1503d8d1d73
190096,0x857cad0742109dd3982bc21a8e75ebebf2121b45
435850,0xf21351a08c3b5491fffc4bffe370d06d413ccc08
461236,0x47eb9062252c8b2ae0fe952d84bbef1abdf77bcf
21417,0x93c83fa23cd6a518955286cda144abd135f74ff2
18975,0xabdc34f1def5ed2e60f72f34d67567b6d954e7e8
14537,0xab4bf0903f12dd2f23cbfa758e1e96c8e4a0d163
403399,0x37d7a6e3ceea208e7c913a41dd96494749e0f098
1020654,0xbe4c2828bfce60041d2fb12768f87c0ac602a4dd
437136,0x1fd5de401fc09e5480ed16aa0fcfccb4842514db
20005,0x2a9d91b6c9de04826318d8b94f240e15f907eec0
415872,0x460f26b3f84d04521aa8125aeada55046953644d
1162842,0xee2adebc5a791f86a000f4f53b30c3e014d20b9c
519322,0xd8683080b05d2ef4c3857fb483d77ed2eb6b0143
519287,0xac1827912db4b1fc9cc0eb1e9e6ce8c8a4edd72e
1111654,0x84a8909f6c3ab9d4ecb8a2f0115715bf136d3c26
315983,0x4718ca8ffd14b4c4a051e5ee22711c7a18d2db79
347,0x716b52795a72de3309d86971428e19843d6d9a81
8637,0xc1ca3860ce6c41630563f976b9872aa03bb4e654
270228,0xa095425ed6fa4e513d550238434504d08fda2e8d
471160,0xcba18cb7e7c043b378e21607fa104f1767442348
1096949,0x7acda9606e9787b5387954bc702651a4feae2c1a
392444,0xdbc2dc13707e93e9c6453b3ad92bdb3cc9541599
498370,0x10af1bad06d194113fc0852937da6db79c6a85b7
846335,0x45382f2e0323841a6fa151536a2c8c217aaf2da2
4973,0x89ec9a20a2cdc467ae98afd4d8398818fb360996
191780,0x640aec54de2fcb9b38009fe792b001679a32fa31
323645,0x6177801f3b87ae8ea2f61bd80e7cff0bdc4f7e71
446697,0x90125f9e5155f4965a2429d9a4b40283341d5ba2
1626,0x88a99ce848eed55f8ec3df4e8dfa9d1fcca6e2b0
1100052,0xb0e6407d85d511b0901f0c1680f9909bee5ddafd
889475,0x5c4c3d200f46fb32d524fde8edd4f0c36a664f3f
1668,0x71738f8ba6853cf8c3ec2b98ef42d2306480c6ff
2417,0xb18ba7502b48d0d6076f9aae06f68a1266562faa
1118563,0xddba26833ae05ffcccd0d49a869472aadbe0cc46
467181,0x19c58dde4269938145e74556ef24019a63ca9fb1
369,0x6e7b64003c01c565781099aff53388f5d612f5aa
15789,0xe54950054b43ff6c36a5b295b613d544fdef6238
884949,0x3dabeda7140a3c0a1f284466cd3dcb6041b4a8d1
789371,0xc3b59f45a32e8222f45f47eb98a094db285d7e6d
3103,0x52e3923cbcfb2c898484fef9f705fdf1e0037060
5694,0x20348cd90a603d1cca6f1f13f48e07c1ad4ddd29
14937,0x0dae1a2f4653b41a3d13399ffc33fa799f6f111c
16544,0xce886583c229452e3863be904b87199e7a93cce4
1131072,0xb9f8ba30de11ebb37fd5554918263c78d03d52b1
1112267,0x25a0d73c5b04e6f86e0ec30336710efb084e6fe6
405262,0x46d6dc8c06f7da28cfc2cb933c048145f93cda7a
534280,0xfbae36d5eebb2a46dac33989164f0950bf403077
223778,0x08eef1415335ec79e70cdb94010729194986d928
397633,0x4ef981c99a705349e95472b4ef1f746475c8c69e
2341,0x92bf3b73edba761ef6aed64cf47920024b299ab2
4698,0x41f4ddcc02c550a92336a027f248c7e2e0367dd0
13449,0xe2abc6372dc32fd8bf588e30b8d7d789bde5ba70
455743,0x49674c75a11c729488b2439d247c4ad8b0f6bc9d
4378,0x46b5b8fc93b65df34e5b6998469ac8e4510bd59c
386021,0x7608b6db5adbdc25f9880436b9a59f9b3cd83d2a
8451,0x0950e75d7f88606aea04829ab759222971d780ed
637730,0x5f697f36f716bb8dd0e788d1e89deffd031a2d97
247018,0x3f02bc73d9d376f877579058ad2d7b6eef31ac64
1407,0xda704a20e8e6a8a69026fcbc829da30b2babf27b
232704,0x1b32ad246387b7b2cd6aa2de3e06292f4ff8a05d
277059,0x409adbbef0d920dc05a90083f1388f2d2c0205d1
548063,0xcc7e71f5b506d0c6b96e6f4b778fd92836557cb1
12144,0x8b12c50cd806a54686b1dddd9769a8db91e4a861
431,0x633e9ec9fa22f749d2456eebffd12ba37f9be07a
822634,0x92a8f1fe99d30b11d602e3f8a8078d125a158f7e
435160,0xe28b74ab8d8b07643a7904d6d3199190c1352cdf
1734,0x6535c0315b9668a3e38dfcaeee102705d0a74741
542351,0xf6cc71878e23c05406b35946cd9d378e0f2f4f2f
13596,0xd46168b30ae68b40cbea7d6a8926fa0753ae1c4f
8332,0x3ebcecea588e5a6dfad865fc43732d14e1ac850c
448575,0x992d36be8f7a53e88e1182efb29bb5f2a0eb579a
482984,0x1eef33a6edfdf8b4affe76655e538b3c22d021a9
734,0x7911998258fce5b599cb6bd93bfb21855cf31987
961715,0xb8e23c427d43f101e907baa8e5ffb416b72f4511
1072829,0x63e07bde96cc8217e28647e283a30536235926ac
215589,0x09a80a434a3ea1e247dabc7ec979b7392f34b510
508821,0x617a03d30ff61b8183e73244542d5ec7c2a21a76
387719,0x37ce108b30b3b6139ee3597a9d9732a2554a4ec6
1321,0xa5314a8b66c67cfb2d375972a799df2380e171e1
9326,0x39a84ffc7ebef9b97fd609051104c1d6376a6db4
618027,0xe045a81dfe4dfc1f734e9bb08bcc3f337eb92e77
403455,0x1901d15b1433cbb3687bfd56c758ba50791e0176
1081012,0x4b995ed8c0d6c2159ddfa6c62b3fd8b68fc0eb3b
514113,0xd87efb74597e47fe3b0c8cfd4c1262baafa7b4da
463031,0x88e217a5299ccb3a0c2c1eb518b7c77bcd11aa14
1148658,0xa45cf8437c307eee1a876b1d8f7ea70de6b643c4
408181,0x03f6dd8a35c6fd44283f5565e1ebd29ada8594f6
1049514,0x9a66b4c8d1a5d6b6ce800f88c45ad195526909b6
378,0xe3eec21c2188d449ed806c9301407027ec912bd1
243906,0xb3bbad94dd42f0629cc910f6bff8e8ecedcdfd42
1103506,0x92650ea5154be475db55090c7ce85b999c53ae84
1053243,0xfb2c452e4f7b880de132573ba451f1e1d4686c80
287764,0x61635634b1eb1c45ea80aab3e8f88cbbf53034a6
8109,0xbc9b50d89af9cbeff1652f8e4b2052e12efe9915
356241,0xc3ca226653c4ddf7e9e455b9537b0c156e69b70b
351855,0x045913d97b2527f4eb3cda23aa0f05b6a67b8e3b
1103373,0x7c926c0770663fe5cb407f7f579fe0390c7dc90c
15513,0x71ac524ba662376eaa87ff9ff41a26ebfdf7ed06
509624,0x64af6aa8049256d529e7bb70e3f9766889a5d930
19640,0xb79cdabf6f2fb8fea70c2e515aec35e827bf7932
401995,0x6429da2ee911ed1923a3aa7833f04887542d521d
994434,0xc6f0beccf9c9e161fed03a7c1ae41542d6d90daa
1110154,0xfd110a6e7573f1e15e775e2ebaf42f6e96d04652
10351,0xabc776e633d3fbfe2192de319bf089ddb47486be
10694,0x1acbb32e13d98a6ca81f0fc52ecf455cc0abfdbf
247038,0x857133fa28c7f4ad15195f1d72706562f6d212b3
5708,0xee324c588cef1bf1c1360883e4318834af66366d
1133006,0x889e1e9f44c242dabc4bbca5d47640e7024eb326
336567,0x90603406cc5bb30878bee260a076c76eb9985dcc
3112,0x394cc474a44ce66a30b5bf79a755f4372942caa8
240932,0xde54fccaa9bec57ddb3cae72a6bcd37c7ee535e1
826224,0xa74155dbd4e93c8666b25c007e0ede53ce13200a
15744,0xa9dbcdb5fec93dcb1fd8ef5a6be59d1634ebc0bd
1049184,0xb53338891cb3b6d8c45a5683ee51eac93fb5e987
14455,0x054029348490ea1a7db2767759c61442acc0708d
256500,0xd343e99d993b63b0b7d86320ae0611e3018e4e1f
16719,0x92d90d9e94708f1cb556bf0af722432d04666aae
1146210,0x2a0e3c042562740443d85af22d21a153422add43
11124,0xc2926a39d0d88d4c1b227deb933022f1492e818c
1048,0xd80c1eed0b442be1fa00f313446d250589d3924a
12418,0x5d110a0d38f462ed1c262a866199bdf30dca0bde
1111631,0x2d2c00dc649a87d1178cf647658726b8216dbccb
364883,0x6f76d9a067c3d3a4b3431ac83038d50ade3c8abc
410926,0xec4b0718e600697e615d97a879665aabb7218e5b
1104580,0x2bc3abad91e679c7d95631796429afb6e893e9e1
240239,0xfbfd507f49a08b9b5f0a71231f69a38864d4b9ba
524233,0xef91a12bd0618815054b38ef51ab1ff80a74c7b1
319431,0xb6572d702b4c9cd90cc4600b94cc1b6ddce2d0cb
17690,0x2ebbf2e71939a03062c6ebc8882c024ead5ee6b0
247765,0x3fdd3f9b5b9d0f13105ac18cd65d3decf19ea96c
235323,0xf37e3834a1e16fe03c99d997a7a8c9de496e3fee
1628,0xa9f7c123cb756af83d79ad02a216dc7606b8e58a
417554,0xaa8d1f6880fc2eb1eb6f843d0edd5b364c5463a9
283733,0xdb870260cef4335bc5b68d31229620e7aa311db9
11244,0x469e0cb994fe784ecaf642babfe7a272fb6ec149
20286,0x53bb4a6fd77befee99606901d9b4e7ded26e8d0c
1050713,0xffd439dd5c1594943f6946fac5e0c12d29b97138
8106,0xa70b06a77d6a0a846a8c85d603049ab609757ef4
1044012,0x7b44b14861580b8a68dcfceaf3c8b2157103eedb
210045,0xe9184fcfae04b9e2f154d0d7964415c8479bf394
311446,0xf49132a0ca3d0bc94d844e1f07c398b0dc5e5b44
410789,0xab918fc20defc557777767c127c39e08229e2697
315256,0x4fe6d271e3270ec4796e1e7880ff1ed7e6c49354
426,0x379296b76150ec624b69165c3d339bdb2b7d6020
13659,0x671e672f33504cc36da20368c08bdee440aec4cd
124,0xc771d721788b2ca231f752016b6f806004a696ce
340034,0xaf83b6c9ba7a8d1e3310fed16aad047851e9fa8a
279477,0xb20838fe63e1127b1fff69620f8a9212972c9b79
859143,0xae8d39ee506b332564ba7540aedc139cff3e7bb8
424372,0xba0f7ee55469e18863137c9907280cf670bbe762
4044,0x572fef3d9a1712c7d449c7e15c335d6860328086
1094644,0x952f504b6460947f8f361ec396fe1efe42029b71
883074,0x3f36096e48b26822c32a67ee94a6dc85fec0ddfb
11770,0x1ed38f0abc1f09093c8d6d40ce9f000638b83df6
8949,0x7a4ee146333313b866a9bd15b3b2f8dedaeb3f8c
13323,0xbf09e2984f70bf62e03a73cc4487966bfe28c0e2
328041,0x8118e21cf207c24857f69499a7dd3a1804cc6674
467347,0x32b7b398308fc7fb33c487a946e1b1d1f1e2b009
5062,0x8654d1005d314e7ff242cbc62a68e8d098d979a6
253764,0x5d5c034d481a1a6fda28dc8357d4072e4d4d1386
408988,0x22f22d9deefb96c908706d559461a2909e50dcf5
993011,0xb9c97912267c189ea1fe61d5c42c33b3f47e9bb3
405941,0xb8d082f568398a9ea6038faf0b3f7e8b093d2ce6
345765,0x21ee4e4994a5d87f579b9aee5e22142b85e9c624
1057350,0x70661bd0cd86045eb147470cd7464cf85a793a61
237884,0xc9ed679962e0d4e82d6ebc12ee3f0561f44f23c6
411375,0x427f6e8ba38351553103d06d0aae2be244fe4321
722488,0xacdfa172f434850b1ef5a14e43fc5249f9588846
292044,0x4bafebe0bc4ed2ad22af605b2f3c5bf498019f42
449748,0x76b19e725fd202403bc2827a59a36d9f25198958
358,0xbd48205f3582a89aa59afa9aff7d7c1e73ed8d96
11778,0xb59589b5323cb3312f04acaf063ef2e0c91f7864
244479,0xdd4058602050f9509f1409e00abdffbfce59b2c2
291813,0xe5c8527bb43336659e0958e65f3d124a3b7b0a6c
21114,0x0f17863f2d13fbe637215fd3cc1cef2d416422dc
1085882,0x498f1add173d0c2bcfcc13177b259ba642e69194
238814,0x626522b58b92daf53596f1378bd25b7653c1fc49
1101488,0x2f9e7b051282209b9499f3bd68e4f574ae97e391
18407,0x8e5af876f622ee96d80ed29cdd18ddbc9fef2669
6730,0x94fcc7fad7f423c0f47cee256df9f59c2022ecae
273379,0x91772b2f00959a3ca277a25dbb1d9c4b8a737782
1025622,0x3fb057e48d849d2e4539480a465882cc7fe4c22f
482953,0xdd6f4c2b1cd4ab5d0237230a43a185322a7310a0
5254,0xd865cd7ccc91f83692ab330981c3e3e9d7a0526a
1106254,0x015c4dfb33251ba36df5199c770d88cff4c58e27
267671,0x0bff2342cea541817120802b09b2d2f634b20521
1136011,0x6142c6017321eae8c9ceba8d55637872fda40fce
291792,0x3a637ff7e4fd9c277dad70a6a5679618c1295b65
434955,0x68f8b0180682e3744279f7dc506ad4ae58a8cc25
385716,0x47d9ba3db2ce2a13722e05257bd24dfbebcc3c73
224429,0x43e335e48a6906ba7c0aba86640d83064ae631ce
1214,0x9fec9815fd45cd64225040b8723d165e82cfe43f
282672,0xf467cfe23b3da2ce8ac6d8f7fa8a4b17dbc3c968
415745,0x270d36c6e1b4caff3957365d5a9e95fe7bc0fdef
377646,0xe9acb52c5978d6428d13e6c141d50acb59bdf6f1
444929,0xc1bfd88b77ea69ad619c356666364fba7403cdb8
377557,0xe80baf30193f068822e8f327e17371a49b7eeeb9
352435,0x01c1417fa85223ab5979886f6c99e023e8d2a793
8207,0xa3ace3905fb080930f7eeac9fe401f5b41b16629
343855,0x3abbb3ce2389a3e29a5886f9478e219f85ccd24c
479482,0x52143c0f934b86a362ce19ef9c23fc5681c5238e
1109803,0x8cce3ffdae6733d9447fadf98495321d4a344203
367123,0x66672079ce209698628b2448c0bac0bfbac90dee
114,0x5981015a92f848c3f554eb5cea8027d77af91106
853066,0x6657c43021c9d3d488d89ceaf37bd53436250fe2
283056,0xbac2316f05bd3888a159c994831af580ab214c98
936634,0xaecd8af7046dadd29f9cd60dd91d2c69e0d6b366
1113761,0x0b6f7e30c7735e3eeb628798832bb075d4f90b85
14396,0x0c519368cc641bb7b93bbd333e65fcf39616e11d
196215,0x86f9781959f885209b58167a398c171d292a398e
260133,0xbbeec882b07d785a79bc3db4c7d4a5dff7ac258a
378544,0x6c9387f88a8e7a05f97e51c29586505f9fde7a6a
515927,0xe6849e476bf384e7453afdea4cbedbd88975f446
15069,0x4e2a3a65d0e2bcdb507a70fe2d3fc5dff464aa25
1097636,0xcda392850911c4fd1b1ccfcd5f39f4b9572f362d
670695,0x02edc642e1efc1a15a6cdadebd7f12f3ab02bbb3
238,0x0a71c2f38579ab3f818464446c05203d344e0aad
1100843,0xf803b7a60907007eb5c5e7835a1b4e7e49117eef
405451,0xc3b6f83b4b3a143774032a90bf79b6a6c9119828
19530,0xa81317e1fe6f385cd0065b4667b95ab186858175
299853,0x23fbc6717de6cc580f5cbc2939c253c0d17d7f35
3372,0x53dfcf8a2186fb863a95eef3e2a47ffc814d65d4
307486,0x0abaff32d68fce60e40c3f8857d06cd0282df4cc
6015,0x6846a6855c3d726f530f77aae6430b425396019b
407288,0x72a698c855c054139028fdff1126338268aa4e0f
814967,0xebf71570e4a14b2c807e53bab1bf376197584b91
528404,0x733b5235d16611efb64a04c0a5c9258e3c6a4e23
1970,0x784491bfac767315f27d6ffc0760494e2459ac18
421001,0xd2db6ab0dc4743a77719b38d9f7196aa32fa519f
481970,0x109094d990adbdfc97c5c9ea5f5bce54f4eb1bdb
423036,0x51c9a6880eef01c639231145512df83113711c40
233147,0x36093dac4826c84b459cad4453708a4172bb5ee0
11782,0x2d41efce15bf0d76004402783974f8e4da75adc9
435501,0x6286b9dbc84230e782eaf03a581706b218d5ec5d
1052600,0x619661dfab0211928b7960b6b7699024b878382a
746,0x5429e2551de324582a81ba366aebeb38f56783a7
382827,0xeed88c1a3ce7c7d46532c63769b756e3c06195c2
905676,0x380c3e6c3f791717267a1e1bf45d8bb03ddde319
13077,0xb83b764edf2548ee20a6520a1c82d90a1256a062
1105221,0xab6f45e08cd8dc6004c6ac41eed4515de9a9fdb5
2480,0xd3654f4bf53103e9cda1b3518d7bd76c97914158
1108591,0xf5437511d6c680f6a278006ce58ad22487bf4c6f
284063,0x25407ce5b71413068c5f74fa850cf1b55374e2f9
218957,0x1fbbbb6bc0b66e9bcb4cbb4924f6f49c41f3cfd0
3206,0xaaac643f572e40e61185d41f67bf8a44cac70df5
474224,0x4acb3d4cbf25d97e1ed7f50720c4a37f7d4f2079
190597,0xc3a01b9e01389f40f515f47d89ed8589e47b71b4
311680,0x6b480ebdd81affb6f91ae2332ef57e000b60029e
535208,0x6590ed9e0949b314cdb7db3343a098f2b8f1f6e6
1058001,0xd06b1bb13ca5d6479053a099a51be0e1e10dfbf8
1106890,0xc9e977850baa16656e1322324c90b979715b6eea
816432,0xfc406fd6fa80fa046b47191192aede5373ae71b6
4375,0x355b1a9f48f48bdd2b77607c6aef4a7acd0ddacf
228126,0x96b0493705e201be4d8ad2c86f810365c35375e3
619869,0x77b66396fca0cb7dc7d21243185f038761e49b98
982794,0x43921f8db860659592a860c22df2a11d5217fff2
252914,0x675c12bf02adc7193a9996d4472f9d3b6bea825e
533557,0x77a1159d304fa50932674bb66e4136f846725536
394357,0x6ed9d0a36738a4acb6d083a383ce6f807056528c
160,0x3ff1760cd5b41585a4d4e04615cca09e04f7e8d7
18766,0xe89ee0c1eed9b66fd78cd184ce930ffd3c19bac7
509215,0xce2d9219938bc2aa6038c3b87fd3f97f108788cc
14491,0x97dc99cecabeb8e288b608e9cb6befb72341aa39
386014,0xfe0ab97815321df60ead872c3376e3987166b1da
397629,0x262905eedc5699ea558adc32ba1b69a327820ed2
206,0x44dfcb14b9bbb5c83ad876fa6e5f165caf586632
1153884,0x6f5c632747345ff03802a2358adedaf559751b7a
499575,0x0291cfb267387ab13458ce60cdfc80f3fa471e2e
291765,0xbf5aa5362aa070a9b16f3771ddcb775faf9b6d5c
1178232,0x5209042e1d8edfee62c0bfa26837eba46e119932
1047583,0x456410da219d20e839bbe763747a7b7316aeb03c
252858,0x6e6b90a7bf24950526a70245cab18c3860072168
301144,0xf4618dad6f2911431b669dd83335592d9408d5f1
7992,0x2b0c83c6a2c401c5d892172dc66550b931a8de4f
308284,0xd97f86c7e66a45fe56c6917484fa19ce22d976ff
1251798,0x5f777212a3be166e99ba6219b16ed091231496ed
1083333,0x6dc5e9d642e249ca911edc2520ac335c03c78d51
284679,0xa33cc67e1dd105512de3b94e86724c8876c72de6
369863,0xd4d065624f7d0f2b67f454903bc7ad24d65d1d0e
784313,0x0aeb7cfeb6b1ac54cb5eb0176560d1f042d4f1bb
8763,0xf6e1c3eef3035810e39ad7843b81c451cd6861d4
503369,0x4222ed696e793d97e36f4048b1b5d2824fd75b9f
1000943,0xef85030023b9e5a31371c14067619f7f602c7529
1119267,0x4cc13fc219b7d985b0d0065d3e52b272660f4f9b
210698,0x473109f1db73772c007c24bf18033cd66f3946d0
3973,0x84d9e7ff8dbe33d3d244d887f3e9342d83733330
14982,0xf511c3e4f43ee4771461857a23bbb228cc8131f2
307224,0x86de9d1482fcac427392334c5ada30a40913ca21
393719,0x103ee1939fae3dea5c4b9caeffca31c9ad755a54
349599,0xfcbdba3490820f471cf6e8d662e86755bd04cf33
1031446,0x7671f7d977ad8968b396c084ac1aa5adabfa73f9
3295,0xb1547ec794f927f493c229c90e5f1c8bf13ae92d
326567,0x18eb228a5ba1468a92fd22d69cb2e7bcad13742b
3558,0x3d3233e8526486c1d0713780003b15d1654c9aa0
970045,0xa7bff07633d9a254736fac0abe1b117baba442d1
11642,0x9359e42cf1ca679b0d026141cdb9a9ec7f3f4fa6
408190,0x6a67dd4eab36b41d4b843001c204a0ce4edb3e04
258848,0x816fb4374cb8dd29d565f6a65086c7988bfd1152
306929,0x78326cf656653485471f178013b04cdc3be90ad6
284408,0xa8136ba822a71270d0f07664fdea71b5e303c80b
439041,0x82fb92fd7fc26b17f0b7fb6a9b05ccbb4910fee5
142,0x07a4b956a10578c93931e16f7bf2c19a2bf1bb8d
193930,0x66a25b14ea39e92f82eb3b0dd71fb78d6024c13d
291971,0x94652ec29ff18fc06ca4802c76d40b0f86e3eaf6
402010,0x2b236effc22db3a619b835e82d8bdac04c7c82cf
1100481,0x5c012daa26674c24d0036ca52685944a24170d7c
512687,0xf68e2eb1376a6e6de86709257842054647523a0c
613116,0x964079d5e8fb1fdbf1878c2485ee373f7f677dcd
1103462,0xa188cf3066c3183f2363feee49aee1515c361585
13577,0x15022e65f7e2d3fad08b2cb8e19f42e3b87d23fe
299247,0x294ebfe91746743050c35a220c075cd28251f55a
537378,0x5e4aadfdb8e274e959946c43f974d9d3e06d19a9
352276,0xea76f5d73962c301c8cab8f651c5459ca789e07f
533436,0x2711df5ee74b8523f6330ecb08a9ff87bb1258a6
14999,0xe9098c04a77acd158daea9dc9b5a4a63c2a9fe46
826155,0xc4169eeba7c757e49fd98ccfc09f5fce8f721a94
441960,0xb3a87f9e469ed58df6bde34b2dea438f5838c52b
17582,0x2b3fe8014d3c6c74419c8f6aa4cbd307a701e4ac
517875,0x52a7f6f27db1dc4aa72ce03f6dfbfc1d3d125781
2736,0x1b733924da0584c1c90c39c48feb4317cf477b50
9135,0xd68383beb0f2ae1c9275428032e5ac48fd8f16dd
1049968,0x29e853dd32d82c863c05366b415f9d4eb1463d35